Country,Population,YearlyChange,NetChange,Density,LandArea,Migrants,FertRate,MedAge,UrbanPop,WorldShare,Region
Afghanistan,38742911,2.33%,886592,60,652860,-62920,4.6,18,25%,0.50%,ASIA
Albania,2878420,-0.11%,-3120,105,27400,-14000,1.6,36,63%,0.04%,EUROPE
Algeria,43685618,1.85%,797990,18,2381740,-10000,3.1,29,73%,0.56%,AFRICA
American Samoa,55215,-0.22%,-121,276,200,,N.A.,N.A.,88%,0.00%,OCEANIA
Andorra,77240,0.16%,123,164,470,,N.A.,N.A.,88%,0.00%,EUROPE
Angola,32644783,3.27%,1040977,26,1246700,6413,5.6,17,67%,0.42%,AFRICA
Anguilla,14976,0.90%,134,167,90,,N.A.,N.A.,N.A.,0.00%,LATIN
Antigua and Barbuda,97764,0.84%,811,223,440,0,2,34,26%,0.00%,LATIN
Argentina,45111229,0.93%,415097,17,2736690,4800,2.3,32,93%,0.58%,LATIN
Armenia,2962137,0.19%,5512,104,28470,-4998,1.8,35,63%,0.04%,EUROPE
Aruba,106675,0.43%,452,593,180,201,1.9,41,44%,0.00%,LATIN
Australia,25439164,1.18%,296686,3,7682300,158246,1.8,38,86%,0.33%,OCEANIA
Austria,8996022,0.57%,51296,109,82409,65000,1.5,43,57%,0.12%,EUROPE
Azerbaijan,10120555,0.91%,91459,123,82658,1200,2.1,32,56%,0.13%,EUROPE
Bahamas,392477,0.97%,3762,39,10010,1000,1.8,32,86%,0.01%,LATIN
Bahrain,1688629,3.68%,60403,2239,760,47800,2,32,89%,0.02%,NEAR_EAST
Bangladesh,164354176,1.01%,1643222,1265,130170,-369501,2.1,28,39%,2.11%,ASIA
Barbados,287305,0.12%,350,668,430,-79,1.6,40,31%,0.00%,LATIN
Belarus,9449940,-0.03%,-3088,47,202910,8730,1.7,40,79%,0.12%,EUROPE
Belgium,11579477,0.44%,50295,383,30280,48000,1.7,42,98%,0.15%,EUROPE
Belize,396120,1.86%,7275,17,22810,1200,2.3,25,46%,0.01%,LATIN
Benin,12055347,2.73%,322049,108,112760,-2000,4.9,19,48%,0.16%,AFRICA
Bermuda,62323,-0.36%,-228,1246,50,,N.A.,N.A.,97%,0.00%,NORTHERN_AMERICA
Bhutan,769867,1.12%,8516,20,38117,320,2,28,46%,0.01%,ASIA
Bolivia,11640159,1.39%,159921,11,1083300,-9504,2.8,26,69%,0.15%,LATIN
Bosnia and Herzegovina,3284806,-0.61%,-20181,64,51000,-21585,1.3,43,52%,0.04%,EUROPE
Botswana,2341649,2.08%,47930,4,566730,3000,2.9,24,73%,0.03%,AFRICA
Brazil,212253150,0.72%,1509890,25,8358140,21200,1.7,33,88%,2.73%,LATIN
British Virgin Islands,30190,0.67%,201,202,150,,N.A.,N.A.,52%,0.00%,LATIN
Brunei,436624,0.97%,4194,83,5270,0,1.8,32,80%,0.01%,ASIA
Bulgaria,6958627,-0.74%,-51674,64,108560,-4800,1.6,45,76%,0.09%,EUROPE
Burkina Faso,20780371,2.86%,581895,76,273600,-25000,5.2,18,31%,0.27%,AFRICA
Cambodia,16671185,1.41%,232423,95,176520,-30000,2.5,26,24%,0.21%,ASIA
Cameroon,26405174,2.59%,669483,56,472710,-4800,4.6,19,56%,0.34%,AFRICA
Canada,37674770,0.89%,331107,4,9093510,242032,1.5,41,81%,0.48%,NORTHERN_AMERICA
Cayman Islands,65564,1.19%,774,274,240,,N.A.,N.A.,97%,0.00%,LATIN
Central African Republic,4812256,1.78%,84582,8,622980,-40000,4.8,18,43%,0.06%,AFRICA
Chad,16324440,3.00%,478988,13,1259200,2000,5.8,17,23%,0.21%,AFRICA
Chile,19082804,0.87%,164163,26,743532,111708,1.7,35,85%,0.25%,LATIN
China,1438207241,0.39%,5540090,153,9388211,-348399,1.7,38,61%,18.47%,ASIA
Colombia,50771878,1.08%,543448,46,1109500,204796,1.8,31,80%,0.65%,LATIN
Comoros,865696,2.20%,18715,467,1861,-2000,4.2,20,29%,0.01%,AFRICA
Congo,5489191,2.56%,137579,16,341500,-4000,4.5,19,70%,0.07%,AFRICA
Cook Islands,17561,0.09%,16,73,240,,N.A.,N.A.,75%,0.00%,OCEANIA
Costa Rica,5084636,0.92%,46557,100,51060,4200,1.8,33,80%,0.07%,LATIN
Croatia,4110214,-0.61%,-25037,73,55960,-8001,1.4,44,58%,0.05%,EUROPE
Cuba,11327988,-0.06%,-6867,106,106440,-14400,1.6,42,78%,0.15%,LATIN
Cyprus,1205577,0.73%,8784,131,9240,5000,1.3,37,67%,0.02%,NEAR_EAST
Czech Republic (Czechia),10705012,0.18%,19772,139,77240,22011,1.6,43,74%,0.14%,EUROPE
Denmark,5788108,0.35%,20326,137,42430,15200,1.8,42,88%,0.07%,EUROPE
Djibouti,985027,1.48%,14440,43,23180,900,2.8,27,79%,0.01%,AFRICA
Dominica,71950,0.25%,178,96,750,,N.A.,N.A.,74%,0.00%,LATIN
Dominican Republic,10825682,1.01%,108952,225,48320,-30000,2.4,28,85%,0.14%,LATIN
Ecuador,17587526,1.55%,269392,71,248360,36400,2.4,28,63%,0.23%,LATIN
Egypt,101930276,1.94%,1946331,103,995450,-38033,3.3,25,43%,1.31%,AFRICA
El Salvador,6479609,0.51%,32652,313,20720,-40539,2.1,28,73%,0.08%,LATIN
Equatorial Guinea,1392950,3.47%,46999,50,28050,16000,4.6,22,73%,0.02%,AFRICA
Eritrea,3536285,1.41%,49304,35,101000,-39858,4.1,19,63%,0.05%,AFRICA
Estonia,1326357,0.07%,887,31,42390,3911,1.6,42,68%,0.02%,EUROPE
Ethiopia,114357494,2.57%,2884858,115,1000000,30000,4.3,19,21%,1.47%,AFRICA
Faeroe Islands,48826,0.38%,185,35,1396,,N.A.,N.A.,43%,0.00%,EUROPE
Fiji,895128,0.73%,6492,49,18270,-6202,2.8,28,59%,0.01%,OCEANIA
Finland,5539002,0.15%,8564,18,303890,14000,1.5,43,86%,0.07%,EUROPE
France,65244628,0.22%,143783,119,547557,36527,1.9,42,82%,0.84%,EUROPE
French Guiana,297029,2.70%,7850,4,82200,1200,3.4,25,87%,0.00%,LATIN
French Polynesia,280580,0.58%,1621,77,3660,-1000,2,34,64%,0.00%,OCEANIA
Gabon,2214593,2.45%,53155,9,257670,3260,4,23,87%,0.03%,AFRICA
Gambia,2402083,2.94%,68962,239,10120,-3087,5.3,18,59%,0.03%,AFRICA
Georgia,3990681,-0.19%,-7598,57,69490,-10000,2.1,38,58%,0.05%,EUROPE
Germany,83730223,0.32%,266897,240,348560,543822,1.6,46,76%,1.07%,EUROPE
Ghana,30936375,2.15%,655084,137,227540,-10000,3.9,22,57%,0.40%,AFRICA
Gibraltar,33693,-0.03%,-10,3369,10,,N.A.,N.A.,N.A.,0.00%,EUROPE
Greece,10433037,-0.48%,-50401,81,128900,-16000,1.3,46,85%,0.13%,EUROPE
Greenland,56750,0.17%,98,0,410450,,N.A.,N.A.,87%,0.00%,NORTHERN_AMERICA
Grenada,112418,0.46%,520,331,340,-200,2.1,32,35%,0.00%,LATIN
Guadeloupe,400110,0.02%,68,237,1690,-1440,2.2,44,N.A.,0.01%,LATIN
Guam,168474,0.89%,1481,313,540,-506,2.3,31,95%,0.00%,OCEANIA
Guatemala,17846248,1.90%,334096,167,107160,-9215,2.9,23,52%,0.23%,LATIN
Guinea,13056478,2.83%,361549,53,245720,-4000,4.7,18,39%,0.17%,AFRICA
Guinea-Bissau,1958132,2.45%,47079,70,28120,-1399,4.5,19,45%,0.03%,AFRICA
Guyana,785788,0.48%,3786,4,196850,-6000,2.5,27,27%,0.01%,LATIN
Haiti,11373955,1.24%,139451,414,27560,-35000,3,24,57%,0.15%,LATIN
Honduras,9871892,1.63%,158490,89,111890,-6800,2.5,24,57%,0.13%,LATIN
Hong Kong,7484618,0.82%,60827,7140,1050,29308,1.3,45,N.A.,0.10%,ASIA
Hungary,9665192,-0.25%,-24328,107,90530,6000,1.5,43,72%,0.12%,EUROPE
Iceland,340795,0.65%,2212,3,100250,380,1.8,37,94%,0.00%,EUROPE
India,1377233523,0.99%,13586631,464,2973190,-532687,2.2,28,35%,17.70%,ASIA
Indonesia,272931713,1.07%,2898047,151,1811570,-98955,2.3,30,56%,3.51%,ASIA
Iran,83771587,1.30%,1079043,52,1628550,-55000,2.2,32,76%,1.08%,ASIA
Iraq,40031626,2.32%,912710,93,434320,7834,3.7,21,73%,0.52%,NEAR_EAST
Ireland,4926480,1.13%,55291,72,68890,23604,1.8,38,63%,0.06%,EUROPE
Isle of Man,84942,0.53%,449,149,570,,N.A.,N.A.,53%,0.00%,EUROPE
Israel,8627444,1.60%,136158,400,21640,10000,3,30,93%,0.11%,NEAR_EAST
Italy,60479424,-0.15%,-88249,206,294140,148943,1.3,47,69%,0.78%,EUROPE
Jamaica,2958567,0.44%,12888,273,10830,-11332,2,31,55%,0.04%,LATIN
Japan,126552765,-0.30%,-383840,347,364555,71560,1.4,48,92%,1.62%,ASIA
Jordan,10182442,1.00%,101440,115,88780,10220,2.8,24,91%,0.13%,NEAR_EAST
Kazakhstan,18730568,1.21%,225280,7,2699700,-18000,2.8,31,58%,0.24%,ASIA
Kenya,53521116,2.28%,1197323,94,569140,-10000,3.5,20,28%,0.69%,AFRICA
Kiribati,119069,1.57%,1843,147,810,-800,3.6,23,57%,0.00%,OCEANIA
Kuwait,4257495,1.51%,63488,240,17820,39520,2.1,37,N.A.,0.05%,NEAR_EAST
Kyrgyzstan,6501804,1.69%,108345,34,191800,-4000,3,26,36%,0.08%,ASIA
Laos,7253719,1.48%,106105,32,230800,-14704,2.7,24,36%,0.09%,ASIA
Latvia,1890218,-1.08%,-20545,30,62200,-14837,1.7,44,69%,0.02%,EUROPE
Lebanon,6831445,-0.44%,-30268,667,10230,-30012,2.1,30,78%,0.09%,NEAR_EAST
Lesotho,2138799,0.80%,16981,71,30360,-10047,3.2,24,31%,0.03%,AFRICA
Liberia,5032469,2.44%,120307,53,96320,-5000,4.4,19,53%,0.06%,AFRICA
Libya,6852010,1.38%,93840,4,1759540,-1999,2.3,29,78%,0.09%,AFRICA
Liechtenstein,38106,0.29%,109,238,160,,N.A.,N.A.,15%,0.00%,EUROPE
Lithuania,2729553,-1.35%,-37338,43,62674,-32780,1.7,45,71%,0.03%,EUROPE
Luxembourg,623861,1.66%,10249,242,2590,9741,1.5,40,88%,0.01%,EUROPE
Macao,647508,1.39%,8890,21645,30,5000,1.2,39,N.A.,0.01%,ASIA
Madagascar,27539106,2.68%,721711,48,581795,-1500,4.1,20,39%,0.36%,AFRICA
Malawi,19024426,2.69%,501205,203,94280,-16053,4.3,18,18%,0.25%,AFRICA
Malaysia,32280610,1.30%,416222,99,328550,50000,2,30,78%,0.42%,ASIA
Maldives,538558,1.81%,9591,1802,300,11370,1.9,30,35%,0.01%,ASIA
Mali,20125282,3.02%,592802,17,1220190,-40000,5.9,16,44%,0.26%,AFRICA
Malta,441308,0.27%,1171,1380,320,900,1.5,43,93%,0.01%,EUROPE
Marshall Islands,59109,0.68%,399,329,180,,N.A.,N.A.,70%,0.00%,OCEANIA
Martinique,375323,-0.08%,-289,354,1060,-960,1.9,47,92%,0.00%,LATIN
Mauritania,4623535,2.74%,123962,5,1030700,5000,4.6,20,57%,0.06%,AFRICA
Mauritius,1271347,0.17%,2100,626,2030,0,1.4,37,41%,0.02%,AFRICA
Mayotte,271417,2.50%,6665,728,375,0,3.7,20,46%,0.00%,AFRICA
Mexico,128655589,1.06%,1357224,66,1943950,-60000,2.1,29,84%,1.65%,LATIN
Micronesia,114776,1.06%,1208,164,700,-600,3.1,24,21%,0.00%,OCEANIA
Moldova,4035814,-0.23%,-9300,123,32850,-1387,1.3,38,43%,0.05%,EUROPE
Monaco,39186,0.71%,278,26337,1,,N.A.,N.A.,N.A.,0.00%,EUROPE
Mongolia,3267320,1.65%,53123,2,1553560,-852,2.9,28,67%,0.04%,ASIA
Montserrat,4991,0.06%,3,50,100,,N.A.,N.A.,10%,0.00%,LATIN
Morocco,36820713,1.20%,438791,83,446300,-51419,2.4,30,64%,0.47%,AFRICA
Mozambique,31067362,2.93%,889399,40,786380,-5000,4.9,18,38%,0.40%,AFRICA
Namibia,2531290,1.86%,46375,3,823290,-4806,3.4,22,55%,0.03%,AFRICA
Nauru,10810,0.63%,68,541,20,,N.A.,N.A.,N.A.,0.00%,OCEANIA
Nepal,29027347,1.85%,528098,203,143350,41710,1.9,25,21%,0.37%,ASIA
Netherlands,17127290,0.22%,37742,508,33720,16000,1.7,43,92%,0.22%,EUROPE
New Caledonia,284938,0.97%,2748,16,18280,502,2,34,72%,0.00%,OCEANIA
New Zealand,4814272,0.82%,39170,18,263310,14881,1.9,38,87%,0.06%,OCEANIA
Nicaragua,6608366,1.21%,79052,55,120340,-21272,2.4,26,57%,0.08%,LATIN
Niger,24014064,3.84%,895929,19,1266700,4000,7,15,17%,0.31%,AFRICA
Nigeria,205052107,2.58%,5175990,226,910770,-60000,5.4,18,52%,2.64%,AFRICA
North Korea,25756088,0.44%,112655,214,120410,-5403,1.9,35,63%,0.33%,ASIA
Norway,5412632,0.79%,42384,15,365268,28000,1.7,40,83%,0.07%,EUROPE
Oman,5078933,2.65%,131640,16,309500,87400,2.9,31,87%,0.07%,NEAR_EAST
Pakistan,219992900,2.00%,4327022,287,770880,-233379,3.6,23,35%,2.83%,ASIA
Palau,18077,0.48%,86,39,460,,N.A.,N.A.,N.A.,0.00%,OCEANIA
Panama,4300667,1.61%,68328,58,74340,11200,2.5,30,68%,0.06%,LATIN
Papua New Guinea,8911530,1.95%,170915,20,452860,-800,3.6,22,13%,0.11%,OCEANIA
Paraguay,7114524,1.25%,87902,18,397300,-16556,2.4,26,62%,0.09%,LATIN
Peru,32876986,1.42%,461401,26,1280000,99069,2.3,31,79%,0.42%,LATIN
Philippines,109280343,1.35%,1464463,368,298170,-67152,2.6,26,47%,1.41%,ASIA
Poland,37854825,-0.11%,-41157,124,306230,-29395,1.4,42,60%,0.49%,EUROPE
Portugal,10202571,-0.29%,-29478,111,91590,-6000,1.3,46,66%,0.13%,EUROPE
Puerto Rico,2874636,-2.47%,-72555,323,8870,-97986,1.2,44,N.A.,0.04%,LATIN
Qatar,2870922,1.73%,48986,248,11610,40000,1.9,32,96%,0.04%,NEAR_EAST
Reunion,894017,0.72%,6385,358,2500,-1256,2.3,36,100%,0.01%,AFRICA
Romania,19262731,-0.66%,-126866,84,230170,-73999,1.6,43,55%,0.25%,EUROPE
Russia,145922010,0.04%,62206,9,16376870,182456,1.8,40,74%,1.87%,EUROPE
Rwanda,12883878,2.58%,325268,525,24670,-9000,4.1,20,18%,0.17%,AFRICA
Saint Helena,6073,0.30%,18,16,390,,N.A.,N.A.,27%,0.00%,AFRICA
Saint Kitts & Nevis,53123,0.71%,376,205,260,,N.A.,N.A.,33%,0.00%,LATIN
Saint Lucia,183458,0.46%,837,301,610,0,1.4,34,19%,0.00%,LATIN
Samoa,198147,0.67%,1317,70,2830,-2803,3.9,22,18%,0.00%,OCEANIA
San Marino,33917,0.21%,71,566,60,,N.A.,N.A.,97%,0.00%,EUROPE
Sao Tome & Principe,218308,1.91%,4103,228,960,-1680,4.4,19,74%,0.00%,AFRICA
Saudi Arabia,34701377,1.59%,545343,16,2149690,134979,2.3,32,84%,0.45%,NEAR_EAST
Senegal,16649599,2.75%,447563,87,192530,-20000,4.7,19,49%,0.21%,AFRICA
Serbia,8744288,-0.40%,-34864,100,87460,4000,1.5,42,56%,0.11%,EUROPE
Seychelles,98224,0.62%,608,214,460,-200,2.5,34,56%,0.00%,AFRICA
Sierra Leone,7942879,2.10%,163768,111,72180,-4200,4.3,19,43%,0.10%,AFRICA
Singapore,5840996,0.79%,46005,8358,700,27028,1.2,42,N.A.,0.08%,ASIA
Slovakia,5459116,0.05%,2629,114,48088,1485,1.5,41,54%,0.07%,EUROPE
Slovenia,2078881,0.01%,284,103,20140,2000,1.6,45,55%,0.03%,EUROPE
Solomon Islands,683301,2.55%,17061,25,27990,-1600,4.4,20,23%,0.01%,OCEANIA
Somalia,15798020,2.92%,450317,25,627340,-40000,6.1,17,47%,0.20%,AFRICA
South Africa,59154802,1.28%,750420,49,1213090,145405,2.4,28,67%,0.76%,AFRICA
South Korea,51260395,0.09%,43877,527,97230,11731,1.1,44,82%,0.66%,ASIA
Spain,46751175,0.04%,18002,94,498800,40000,1.3,45,80%,0.60%,EUROPE
Sri Lanka,21395196,0.42%,89516,341,62710,-97986,2.2,34,18%,0.27%,ASIA
Sudan,43632213,2.42%,1036022,25,1765048,-50000,4.4,20,35%,0.56%,AFRICA
Suriname,585561,0.90%,5260,4,156000,-1000,2.4,29,65%,0.01%,LATIN
Sweden,10086531,0.63%,62886,25,410340,40000,1.9,41,88%,0.13%,EUROPE
Switzerland,8641786,0.74%,63257,219,39516,52000,1.5,43,74%,0.11%,EUROPE
Syria,17410293,2.52%,430523,95,183630,-427391,2.8,26,60%,0.22%,NEAR_EAST
Taiwan,23808164,0.18%,42899,673,35410,30001,1.2,42,79%,0.31%,ASIA
Tajikistan,9492342,2.32%,216627,68,139960,-20000,3.6,22,27%,0.12%,ASIA
Tanzania,59368313,2.98%,1728755,67,885800,-40076,4.9,18,37%,0.77%,AFRICA
Thailand,69764925,0.25%,174396,137,510890,19444,1.5,40,51%,0.90%,ASIA
Togo,8237580,2.43%,196358,152,54390,-2000,4.4,19,43%,0.11%,AFRICA
Tonga,105449,1.15%,1201,147,720,-800,3.6,22,24%,0.00%,OCEANIA
Trinidad and Tobago,1398579,0.32%,4515,273,5130,-800,1.7,36,52%,0.02%,LATIN
Tunisia,11793319,1.06%,123900,76,155360,-4000,2.2,33,70%,0.15%,AFRICA
Turkey,84153250,1.09%,909452,110,769630,283922,2.1,32,76%,1.08%,NEAR_EAST
Turkmenistan,6012850,1.50%,89111,13,469930,-5000,2.8,27,53%,0.08%,ASIA
Turks and Caicos,38609,1.38%,526,41,950,,N.A.,N.A.,89%,0.00%,LATIN
Tuvalu,11762,1.25%,146,393,30,,N.A.,N.A.,62%,0.00%,OCEANIA
Uganda,45427637,3.32%,1471413,229,199810,168694,5,17,26%,0.59%,AFRICA
Ukraine,43785122,-0.59%,-259876,75,579320,10000,1.4,41,69%,0.56%,EUROPE
United Arab Emirates,9865845,1.23%,119873,118,83600,40000,1.4,33,86%,0.13%,NEAR_EAST
United Kingdom,67814098,0.53%,355839,281,241930,260650,1.8,40,83%,0.87%,EUROPE
United States,330610570,0.59%,1937734,36,9147420,954806,1.8,38,83%,4.25%,NORTHERN_AMERICA
Uruguay,3471314,0.35%,11996,20,175020,-3000,2,36,96%,0.04%,LATIN
Uzbekistan,33368859,1.48%,487487,79,425400,-8863,2.4,28,50%,0.43%,ASIA
Vanuatu,305623,2.42%,7263,25,12190,120,3.8,21,24%,0.00%,OCEANIA
Venezuela,28451828,-0.28%,-79889,32,882050,-653249,2.3,30,N.A.,0.36%,LATIN
Vietnam,97160127,0.91%,876473,314,310070,-80000,2.1,32,38%,1.25%,ASIA
Wallis & Futuna,11276,-1.69%,-193,80,140,,N.A.,N.A.,0%,0.00%,OCEANIA
Western Sahara,594215,2.55%,14876,2,266000,5582,2.4,28,87%,0.01%,AFRICA
Yemen,29687214,2.28%,664042,56,527970,-30000,3.8,20,38%,0.38%,NEAR_EAST
Zambia,18273379,2.93%,522925,25,743390,-8000,4.7,18,45%,0.24%,AFRICA
Zimbabwe,14818157,1.48%,217456,38,386850,-116858,3.6,19,38%,0.19%,AFRICA
